Track,Position,No,Driver,Team,Starting Grid,Laps,Time/Retired,Points
China,1,1,Max Verstappen,Red Bull Racing Honda RBPT,4,19,32:04.660,8
China,2,44,Lewis Hamilton,Mercedes,2,19,+13.043,7
China,3,11,Sergio Perez,Red Bull Racing Honda RBPT,6,19,+15.258,6
China,4,16,Charles Leclerc,Ferrari,7,19,+17.486,5
China,5,55,Carlos Sainz,Ferrari,5,19,+20.696,4
China,6,4,Lando Norris,McLaren Mercedes,1,19,+22.088,3
China,7,81,Oscar Piastri,McLaren Mercedes,8,19,+24.713,2
China,8,63,George Russell,Mercedes,11,19,+25.696,1
China,9,24,Guanyu Zhou,Kick Sauber Ferrari,10,19,+31.951,0
China,10,20,Kevin Magnussen,Haas Ferrari,12,19,+37.398,0
China,11,3,Daniel Ricciardo,RB Honda RBPT,14,19,+37.840,0
China,12,77,Valtteri Bottas,Kick Sauber Ferrari,9,19,+38.295,0
China,13,31,Esteban Ocon,Alpine Renault,17,19,+39.841,0
China,14,18,Lance Stroll,Aston Martin Aramco Mercedes,15,19,+40.299,0
China,15,10,Pierre Gasly,Alpine Renault,16,19,+40.838,0
China,16,22,Yuki Tsunoda,RB Honda RBPT,19,19,+41.870,0
China,17,23,Alexander Albon,Williams Mercedes,18,19,+42.998,0
China,18,2,Logan Sargeant,Williams Mercedes,20,19,+46.352,0
China,19,27,Nico Hulkenberg,Haas Ferrari,13,19,+49.630,0
China,20,14,Fernando Alonso,Aston Martin Aramco Mercedes,3,17,DNF,0