Driver,Abbreviation,No,Team,Country,Podiums,Points,Grands Prix Entered,World Championships,Highest Race Finish,Highest Grid Position,Date of Birth,Place of Birth
Max Verstappen,VER,1,Red Bull Racing,Netherlands,98,2586.5,185,3,1(x54),1,30/09/1997,"Hasselt, Belgium"
Sergio Perez,PER,11,Red Bull Racing,Mexico,35,1486,258,0,1(x6),1,26/01/1990,"Guadalajara, Mexico"
Lewis Hamilton,HAM,44,Mercedes,United Kingdom,197,4639.5,332,7,1(x103),1,07/01/1985,"Stevenage, England"
Fernando Alonso,ALO,14,Aston Martin,Spain,106,2267,380,2,1(x32),1,29/07/1981,"Oviedo, Spain"
Charles Leclerc,LEC,16,Ferrari,Monaco,30,1074,125,0,1(x5),1,16/10/1997,"Monte Carlo, Monaco"
Lando Norris,NOR,4,McLaren,United Kingdom,13,633,104,0,2(x7),1,13/11/1999,"Bristol, England"
Carlos Sainz,SAI,55,Ferrari,Sapin,18,982.5,185,0,1(x2),1,01/09/1994,"Madrid, Spain"
George Russell,RUS,63,Mercedes,United Kingdom,11,469,104,0,1(x1),1,15/02/1998,"King's Lynn, England"
Oscar Piastri,PIA,81,McLaren,Australia,2,97,22,0,2(x1),2,06/04/2001,"Melbourne, Victoria"
Lance Stroll,STR,18,Aston Martin,Canada,3,268,143,0,3(x3),1,29/10/1998,"Montreal, Canada"
Pierre Gasly,GAS,10,Alpine,France,4,394,130,0,1(x1),2,07/02/1996,"Rouen, France"
Esteban Ocon,OCO,31,Alpine,France,3,422,133,0,1(x1),3,17/09/1996,"Evreux, Normandy"
Alexander Albon,ALB,23,Williams,Thailand,2,228,81,0,3(x2),4,23/03/1996,"London, England"
Yuki Tsunoda,TSU,22,AlphaTauri,Japan,0,61,66,0,4(x1),6,11/05/2000,"Sagamihara, Japan"
Valtteri Bottas,BOT,77,Alfa Romeo,Finland,67,1797,222,0,1(x10),1,28/08/1989,"Nastola, Finland"
Nico Hulkenberg,HUL,27,Haas F1 Team,Germany,0,530,206,0,4(x3),1,19/08/1987,"Emmerich am Rhein, Germany"
Daniel Ricciardo,RIC,3,AlphaTauri,Australia,32,1317,239,0,1(x8),1,01/07/1989,"Perth, Australia"
Guanyu Zhou,ZHO,24,Alfa Romeo,China,0,12,44,0,8(x1),5,30/05/1999,"Shanghai, China"
Kevin Magnussen,MAG,20,Haas F1 Team,Denmark,1,186,164,0,2(x1),4,05/10/1992,"Roskilde, Denmark"
Liam Lawson,LAW,40,AlphaTauri,New Zealand,0,2,5,0,9(x1),10,11/02/2002,"Hastings, New Zealand"
Logan Sargeant,SAR,2,Williams,United States,0,1,22,0,10(x1),6,31/12/2000,"Fort Lauderdale, Florida"
Nyck De Vries,DEV,21,AlphaTauri,Netherlands,0,2,11,0,9(x1),8,06/02/1995,"Uitwellingerga, Netherlands"