Track,Position,No,Driver,Team,Q1,Q2,Q3,Laps
Bahrain,1,1,Max Verstappen,Red Bull Racing Honda RBPT,1:30.031,1:29.374,1:29.179,17
Bahrain,2,16,Charles Leclerc,Ferrari,1:30.243,1:29.165,1:29.407,19
Bahrain,3,63,George Russell,Mercedes,1:30.350,1:29.922,1:29.485,17
Bahrain,4,55,Carlos Sainz,Ferrari,1:29.909,1:29.573,1:29.507,18
Bahrain,5,11,Sergio Perez,Red Bull Racing Honda RBPT,1:30.221,1:29.932,1:29.537,17
Bahrain,6,14,Fernando Alonso,Aston Martin Aramco Mercedes,1:30.179,1:29.801,1:29.542,14
Bahrain,7,4,Lando Norris,McLaren Mercedes,1:30.143,1:29.941,1:29.614,15
Bahrain,8,81,Oscar Piastri,McLaren Mercedes,1:30.531,1:30.122,1:29.683,18
Bahrain,9,44,Lewis Hamilton,Mercedes,1:30.451,1:29.718,1:29.710,18
Bahrain,10,27,Nico Hulkenberg,Haas Ferrari,1:30.566,1:29.851,1:30.502,18
Bahrain,11,22,Yuki Tsunoda,RB Honda RBPT,1:30.481,1:30.129,,12
Bahrain,12,18,Lance Stroll,Aston Martin Aramco Mercedes,1:29.965,1:30.200,,12
Bahrain,13,23,Alexander Albon,Williams Mercedes,1:30.397,1:30.221,,12
Bahrain,14,3,Daniel Ricciardo,RB Honda RBPT,1:30.562,1:30.278,,12
Bahrain,15,20,Kevin Magnussen,Haas Ferrari,1:30.646,1:30.529,,12
Bahrain,16,77,Valtteri Bottas,Kick Sauber Ferrari,1:30.756,,,6
Bahrain,17,24,Guanyu Zhou,Kick Sauber Ferrari,1:30.757,,,6
Bahrain,18,2,Logan Sargeant,Williams Mercedes,1:30.770,,,6
Bahrain,19,31,Esteban Ocon,Alpine Renault,1:30.793,,,9
Bahrain,20,10,Pierre Gasly,Alpine Renault,1:30.948,,,9
Saudi Arabia,1,1,Max Verstappen,Red Bull Racing Honda RBPT,1:28.171,1:28.033,1:27.472,18
Saudi Arabia,2,16,Charles Leclerc,Ferrari,1:28.318,1:28.112,1:27.791,23
Saudi Arabia,3,11,Sergio Perez,Red Bull Racing Honda RBPT,1:28.638,1:28.467,1:27.807,19
Saudi Arabia,4,14,Fernando Alonso,Aston Martin Aramco Mercedes,1:28.706,1:28.122,1:27.846,17
Saudi Arabia,5,81,Oscar Piastri,McLaren Mercedes,1:28.755,1:28.343,1:28.089,22
Saudi Arabia,6,4,Lando Norris,McLaren Mercedes,1:28.805,1:28.479,1:28.132,22
Saudi Arabia,7,63,George Russell,Mercedes,1:28.749,1:28.448,1:28.316,22
Saudi Arabia,8,44,Lewis Hamilton,Mercedes,1:28.994,1:28.606,1:28.460,24
Saudi Arabia,9,22,Yuki Tsunoda,RB Honda RBPT,1:28.988,1:28.564,1:28.547,18
Saudi Arabia,10,18,Lance Stroll,Aston Martin Aramco Mercedes,1:28.250,1:28.578,1:28.572,19
Saudi Arabia,11,38,Oliver Bearman,Ferrari,1:28.984,1:28.642,,18
Saudi Arabia,12,23,Alexander Albon,Williams Mercedes,1:29.107,1:28.980,,16
Saudi Arabia,13,20,Kevin Magnussen,Haas Ferrari,1:28.069,1:29.020,,17
Saudi Arabia,14,3,Daniel Ricciardo,RB Honda RBPT,1:29.065,1:29.025,,12
Saudi Arabia,15,27,Nico Hulkenberg,Haas Ferrari,1:29.055,DNF,,10
Saudi Arabia,16,77,Valtteri Bottas,Kick Sauber Ferrari,1:29.179,,,9
Saudi Arabia,17,31,Esteban Ocon,Alpine Renault,1:29.475,,,10
Saudi Arabia,18,10,Pierre Gasly,Alpine Renault,1:29.479,,,9
Saudi Arabia,19,2,Logan Sargeant,Williams Mercedes,1:29.526,,,9
Saudi Arabia,NC,24,Guanyu Zhou,Kick Sauber Ferrari,DNF,,,2
Australia,1,1,Max Verstappen,Red Bull Racing Honda RBPT,1:16.819,1:16.387,1:15.915,21
Australia,2,55,Carlos Sainz,Ferrari,1:16.731,1:16.189,1:16.185,18
Australia,3,11,Sergio Perez,Red Bull Racing Honda RBPT,1:16.805,1:16.631,1:16.274,22
Australia,4,4,Lando Norris,McLaren Mercedes,1:17.430,1:16.750,1:16.315,19
Australia,5,16,Charles Leclerc,Ferrari,1:16.984,1:16.304,1:16.435,20
Australia,6,81,Oscar Piastri,McLaren Mercedes,1:17.369,1:16.601,1:16.572,18
Australia,7,63,George Russell,Mercedes,1:17.062,1:16.901,1:16.724,23
Australia,8,22,Yuki Tsunoda,RB Honda RBPT,1:17.356,1:16.791,1:16.788,18
Australia,9,18,Lance Stroll,Aston Martin Aramco Mercedes,1:17.376,1:16.780,1:17.072,23
Australia,10,14,Fernando Alonso,Aston Martin Aramco Mercedes,1:16.991,1:16.710,1:17.552,21
Australia,11,44,Lewis Hamilton,Mercedes,1:17.499,1:16.960,,15
Australia,12,23,Alexander Albon,Williams Mercedes,1:17.130,1:17.167,,15
Australia,13,77,Valtteri Bottas,Kick Sauber Ferrari,1:17.543,1:17.340,,15
Australia,14,20,Kevin Magnussen,Haas Ferrari,1:17.709,1:17.427,,13
Australia,15,31,Esteban Ocon,Alpine Renault,1:17.617,1:17.697,,21
Australia,16,27,Nico Hulkenberg,Haas Ferrari,1:17.976,,,8
Australia,17,10,Pierre Gasly,Alpine Renault,1:17.982,,,11
Australia,18,3,Daniel Ricciardo,RB Honda RBPT,1:18.085,,,6
Australia,19,24,Guanyu Zhou,Kick Sauber Ferrari,1:18.188,,,9
Japan,1,1,Max Verstappen,Red Bull Racing Honda RBPT,1:28.866,1:28.740,1:28.197,12
Japan,2,11,Sergio Perez,Red Bull Racing Honda RBPT,1:29.303,1:28.752,1:28.263,12
Japan,3,4,Lando Norris,McLaren Mercedes,1:29.536,1:28.940,1:28.489,13
Japan,4,55,Carlos Sainz,Ferrari,1:29.513,1:29.099,1:28.682,12
Japan,5,14,Fernando Alonso,Aston Martin Aramco Mercedes,1:29.254,1:29.082,1:28.686,12
Japan,6,81,Oscar Piastri,McLaren Mercedes,1:29.425,1:29.148,1:28.760,12
Japan,7,44,Lewis Hamilton,Mercedes,1:29.661,1:28.887,1:28.766,15
Japan,8,16,Charles Leclerc,Ferrari,1:29.338,1:29.196,1:28.786,12
Japan,9,63,George Russell,Mercedes,1:29.799,1:28.140,1:29.008,15
Japan,10,22,Yuki Tsunoda,RB Honda RBPT,1:29.775,1:29.417,1:29.413,18
Japan,11,3,Daniel Ricciardo,RB Honda RBPT,1:29.727,1:29.472,,12
Japan,12,27,Nico Hulkenberg,Haas Ferrari,1:29.821,1:29.494,,12
Japan,13,77,Valtteri Bottas,Kick Sauber Ferrari,1:29.602,1:29.593,,12
Japan,14,23,Alexander Albon,Williams Mercedes,1:29.963,1:29.714,,9
Japan,15,31,Esteban Ocon,Alpine Renault,1:29.811,1:29.816,,12
Japan,16,18,Lance Stroll,Aston Martin Aramco Mercedes,1:30.024,,,6
Japan,17,10,Pierre Gasly,Alpine Renault,1:30.119,,,6
Japan,18,20,Kevin Magnussen,Haas Ferrari,1:30.131,,,9
Japan,19,2,Logan Sargeant,Williams Mercedes,1:30.139,,,6
Japan,20,24,Guanyu Zhou,Kick Sauber Ferrari,1:30.143,,,6
China,1,1,Max Verstappen,Red Bull Racing Honda RBPT,1:34.742,1:33.794,1:33.660,18
China,2,11,Sergio Perez,Red Bull Racing Honda RBPT,1:35.457,1:34.026,1:33.982,19
China,3,14,Fernando Alonso,Aston Martin Aramco Mercedes,1:35.116,1:34.652,1:34.148,15
China,4,4,Lando Norris,McLaren Mercedes,1:34.842,1:34.460,1:34.165,15
China,5,81,Oscar Piastri,McLaren Mercedes,1:35.014,1:34.659,1:34.273,16
China,6,16,Charles Leclerc,Ferrari,1:34.797,1:34.399,1:34.289,20
China,7,55,Carlos Sainz,Ferrari,1:34.970,1:34.368,1:34.297,17
China,8,63,George Russell,Mercedes,1:35.084,1:34.609,1:34.433,20
China,9,27,Nico Hulkenberg,Haas Ferrari,1:35.068,1:34.667,1:34.604,21
China,10,77,Valtteri Bottas,Kick Sauber Ferrari,1:35.169,1:34.769,1:34.665,15
China,11,18,Lance Stroll,Aston Martin Aramco Mercedes,1:35.334,1:34.838,,12
China,12,3,Daniel Ricciardo,RB Honda RBPT,1:35.443,1:34.934,,12
China,13,31,Esteban Ocon,Alpine Renault,1:35.356,1:35.223,,15
China,14,23,Alexander Albon,Williams Mercedes,1:35.384,1:35.241,,14
China,15,10,Pierre Gasly,Alpine Renault,1:35.287,1:35.463,,15
China,16,24,Guanyu Zhou,Kick Sauber Ferrari,1:35.505,,,8
China,17,20,Kevin Magnussen,Haas Ferrari,1:35.516,,,6
China,18,44,Lewis Hamilton,Mercedes,1:35.573,,,6
China,19,22,Yuki Tsunoda,RB Honda RBPT,1:35.746,,,9
China,20,2,Logan Sargeant,Williams Mercedes,1:36.358,,,7
