Team,Full Team Name,Base,Team Chief,Technical Chief,Chassis,Power Unit,First Team Entry,World Championships,Highest Race Finish,Pole Positions,Fastest Laps
Red Bull Racing,Oracle Red Bull Racing,"Milton Keynes, United Kingdom",Christain Horner,Pierre Waché,RB19,Honda RBPT,1997,6,1(x113),95,95
Mercedes,Mercedes-AMG Petronas F1 Team,"Brackley, United Kingdom",Toto Wolff,James Allison,W14,Mercedes,1970,8,1(x116),129,96
Ferrari,Scuderia Ferrari,"Maranello, Italy",Frédéric Vasseur,Enrico Cardile / Enrico Gualtieri,SF-23,Ferrari,1950,16,1(x244),249,259
McLaren,McLaren Formula 1 Team,"Woking, United Kingdom",Andrea Stella,Peter Prodromou / Neil Houldey,MCL60,Mercedes,1966,8,1(x183),156,165
Aston Martin,Aston Martin Aramco Cognizant F1 Team,"Silverstone, United Kingdom",Mike Krack,Dan Fallows,AMR23,Mercedes,2018,0,1(x1),1,1
Alpine,BWT Alpine F1 Team,"Enstone, United Kingdom",Bruno Famin,Matt Harman,A523,Renault,1986,2,1(x21),20,15
Williams,Williams Racing,"Grove, United Kingdom",James Vowles,Pat Fry,FW45,Mercedes,1978,9,1(x114),128,133
AlphaTauri,Scuderia AlphaTauri,"Faenza, Italy",Franz Tost,Jody Egginton,AT04,Honda RBPT,1985,0,1(x2),1,3
Alfa Romeo,Alfa Romeo F1 Team Stake,"Hinwil, Switzerland",Alessandro Alunni Bravi,James Key,C43,Ferrari,1993,0,1(x1),1,7
Haas F1 Team,MoneyGram Haas F1 Team,"Kannapolis, United States",Guenther Steiner,Simone Resta,VF-23,Ferrari,2016,0,4(x1),1,2